{
  "assetsByChunkName": {
    "vendors~app-account~app-checkout~app-confirmation~app-order": "chunk.0b912523d00d18bfb541.js",
    "vendors~app-account~app-confirmation~app-order": "chunk.5b089ce3f79df8f886de.js",
    "vendors~app-account~app-checkout": "chunk.94173fe444c60fa8b73d.js",
    "admin": [
      "admin.3b8fd996f832cedc630c.js",
      "admin.3b8fd996f832cedc630c.js.map"
    ],
    "app-account": "chunk.abe591d3462e84183eef.js",
    "app-confirmation": "chunk.ba59786d147abe65f928.js",
    "app-order": "chunk.ffe61f57e63b1dd3104e.js",
    "checkout": [
      "checkout.e70ebf89d8d8df997500.js",
      "checkout.e70ebf89d8d8df997500.js.map"
    ],
    "storefront": [
      "storefront.7f715934cb425d5ca48b.css",
      "storefront.e4101ef14a4e5009a08c.js",
      "storefront.7f715934cb425d5ca48b.css.map",
      "storefront.e4101ef14a4e5009a08c.js.map"
    ],
    "vendors~app-cart": "chunk.34e568424beaea9bbeae.js",
    "vendors~app-checkout": "chunk.a822590373e3cdd5617a.js"
  }
}