{
  "youtube": "https://www.youtube.com/channel/UCqTbNTkL5WJNnM2RKL9scYg",
  "facebook": "https://www.facebook.com/querotudonatural.com.br",
  "phone": "(11) 93228-1092",
  "doc_number": "35.651.515/0001-36",
  "whatsapp": "(11) 93228-1092",
  "instagram": "https://www.instagram.com/querotudonatural",
  "twitter": "https://www.twitter.com/querotudonatura",
  "address": "Rua Thomekiti Kira, 102, Granja Viana, Cotia - SP",
  "tiktok": "",
  "pinterest": "",
  "email": " comercial@querotudonatural.com.br"
}