{
  "meta_title": "Quero Tudo Natural - Loja online confiável de suplementos importados em SP atende o Brasil inteiro",
  "meta_description": "Somos especialistas em entregar suplementos importados para anti-envelhecimento, tratamentos naturais, nutrição e para animais de estimação.",
  "sections": [
    {
      "type": "banner-slider",
      "autoplay": 9000,
      "full_width": false,
      "slides": [
        {
          "start": "",
          "end": "",
          "img": "/img/uploads/banner41-1920x650.jpg"
        },
        {
          "start": "",
          "end": "",
          "img": "/img/uploads/banner43-1920x650.jpg"
        },
        {
          "start": "",
          "end": "",
          "img": "/img/uploads/banner42-1920x650.jpg"
        }
      ]
    },
    {
      "type": "banners-grid",
      "banners": [
        {
          "img": "/img/uploads/banner2-536x337.jpg"
        },
        {
          "img": "/img/uploads/banner1-536x337.jpg"
        },
        {
          "img": "/img/uploads/banner3-536x337.jpg"
        },
        {
          "img": "/img/uploads/banner4-536x337.jpg"
        }
      ]
    },
    {
      "type": "collection-shelf",
      "shuffle": true,
      "collection_id": null,
      "sort": "offers",
      "title": "",
      "headless": false,
      "limit": 12,
      "page": 1
    }
  ]
}